old_path,new_path
heroes/6aea0002-f2fc-4a61-8777-e7ea6af5c9cf.png,heroes/HERO_001_ARIA/HERO_001_ARIA_PORTRAIT.png
heroes/0595fc7a-d702-4a99-a278-48424c178cd1.png,heroes/HERO_001_ARIA/HERO_001_ARIA_AVATAR.png
heroes/bccc0a2d-882a-4ef2-9280-f4ae4f5057e1.png,heroes/HERO_001_ARIA/HERO_001_ARIA_BATTLE_CUTIN.png
heroes/49e56447-8c52-4b1e-b22a-4dc775bc14c3.png,heroes/HERO_001_ARIA/HERO_001_ARIA_ULTIMATE_CUTIN.png
heroes/214338f9-3656-4d8e-9565-32841dfa6f4f.png,heroes/HERO_001_ARIA/HERO_001_ARIA_FULL_BODY.png
heroes/f08d9b90-adff-4e1f-bf55-ea8643c46ee4.png,heroes/HERO_002_FENRIR/HERO_002_FENRIR_PORTRAIT.png
heroes/ad5b0484-6b06-4c00-9c53-26ca0176a0ac.png,heroes/HERO_002_FENRIR/HERO_002_FENRIR_AVATAR.png
heroes/b93f6e49-53cd-431b-9290-85eb7e9bd5d6.png,heroes/HERO_002_FENRIR/HERO_002_FENRIR_BATTLE_CUTIN.png
heroes/7b839ee2-e01f-4f6a-882d-1b174e99c32b.png,heroes/HERO_002_FENRIR/HERO_002_FENRIR_ULTIMATE_CUTIN.png
heroes/075d8214-f134-44ea-8be9-2ad45d85a77c.png,heroes/HERO_002_FENRIR/HERO_002_FENRIR_FULL_BODY.png
heroes/9ab356b0-abee-4748-a96f-40b13e143d67.png,heroes/HERO_003_ROWAN/HERO_003_ROWAN_PORTRAIT.png
heroes/11ae7a85-d5e0-4a82-b51f-c16dad4c2f69.png,heroes/HERO_003_ROWAN/HERO_003_ROWAN_AVATAR.png
heroes/01ab2385-0cce-42e7-bba6-de2f3491c84c.png,heroes/HERO_003_ROWAN/HERO_003_ROWAN_BATTLE_CUTIN.png
heroes/920e1d93-e08e-421c-8a33-47889d4260db.png,heroes/HERO_003_ROWAN/HERO_003_ROWAN_ULTIMATE_CUTIN.png
heroes/30bb8f94-3804-4107-a2b0-5172dfe0e89a.png,heroes/HERO_003_ROWAN/HERO_003_ROWAN_FULL_BODY.png
heroes/2e575ccb-c37a-4448-95c1-50f9a465343c.png,heroes/HERO_004_SYLVA/HERO_004_SYLVA_PORTRAIT.png
heroes/9e60672b-ed23-432f-8930-b1133686dc4c.png,heroes/HERO_004_SYLVA/HERO_004_SYLVA_AVATAR.png
heroes/20394b3a-dfa0-4ea3-8aac-2b146ae350f9.png,heroes/HERO_004_SYLVA/HERO_004_SYLVA_BATTLE_CUTIN.png
heroes/37884669-aad0-4759-8821-8e6907182891.png,heroes/HERO_004_SYLVA/HERO_004_SYLVA_ULTIMATE_CUTIN.png
heroes/de081e45-ebfb-4fed-beed-0f11cc77f74d.png,heroes/HERO_005_PIP/HERO_005_PIP_PORTRAIT.png
heroes/e07e3f37-4e54-4a65-bc28-2b9bf6a0d85a.png,heroes/HERO_005_PIP/HERO_005_PIP_AVATAR.png
heroes/66b8fe71-6ef6-43b7-8bf1-992392375015.png,heroes/HERO_005_PIP/HERO_005_PIP_BATTLE_CUTIN.png
heroes/aa637038-8241-4fb8-a625-be16e62c7055.png,heroes/HERO_005_PIP/HERO_005_PIP_ULTIMATE_CUTIN.png
heroes/3fcb9cd2-ea48-429e-9ced-5dd2bc3e27a2.png,heroes/HERO_005_PIP/HERO_005_PIP_FULL_BODY.png
enemies/verdant/0b648cab-c40d-4795-97f4-07bafc713b81.png,enemies/verdant/ENEMY_W01_001_FOREST_SLIME_IDLE.png
enemies/verdant/21c925bd-2603-4354-8d17-c30769f34bd8.png,enemies/verdant/ENEMY_W01_001_FOREST_SLIME_ATTACK.png
enemies/verdant/417f5e4e-7f65-42e9-9ad0-aceb5921f38f.png,enemies/verdant/ENEMY_W01_002_THORN_WOLF_IDLE.png
enemies/verdant/50af2db7-b4e0-4fe2-8da9-ca72c32d6734.png,enemies/verdant/ENEMY_W01_002_THORN_WOLF_ATTACK.png
enemies/verdant/7bd379ff-b06b-43bb-bbac-ad826ba1a367.png,enemies/verdant/ENEMY_W01_003_LEAF_GOBLIN_IDLE.png
enemies/verdant/5f01d5c8-ea63-4a21-b110-b8e0b2a2f79b.png,enemies/verdant/ENEMY_W01_003_LEAF_GOBLIN_ATTACK.png
enemies/verdant/8bc918e3-fded-4349-babe-add111094d64.png,enemies/verdant/ENEMY_W01_004_POISON_SPIDER_IDLE.png
enemies/verdant/ee407706-1446-46b6-a721-c50974300a68.png,enemies/verdant/ENEMY_W01_004_POISON_SPIDER_ATTACK.png
enemies/verdant/47b562d0-a6a3-4b15-aadb-ad26e0d44055.png,enemies/verdant/ENEMY_W01_005_ANCIENT_GUARDIAN_IDLE.png
enemies/verdant/8f366ae9-7ef3-4b7c-8953-2fbd19fc9db3.png,enemies/verdant/ENEMY_W01_005_ANCIENT_GUARDIAN_ATTACK.png
bosses/verdant/62db49ed-dd28-482d-922a-ba73c2af32c2.png,bosses/verdant/BOSS_W01_MOCTAN_PHASE_01.png
bosses/verdant/18a7c987-d6a1-4386-9666-88a0d6618470.png,bosses/verdant/BOSS_W01_MOCTAN_PHASE_02.png
bosses/verdant/2f5dc197-9e06-41dc-a27f-56e63e159959.png,bosses/verdant/BOSS_W01_MOCTAN_PHASE_03.png
gems/788c796d-74c4-40b4-ba1d-54a7aa76a476.png,gems/GEM_WOOD.png
gems/53c161da-aa80-42f6-b030-275c55689456.png,gems/GEM_FIRE.png
gems/26a45226-6365-4341-b567-1d1b22118517.png,gems/GEM_WATER.png
,gems/GEM_EARTH.png
gems/e4259720-11d5-4825-a79e-7b16d1df88e9.png,gems/GEM_LIGHT.png
gems/f4f633cb-3982-463d-90c0-a5d483dfc78c.png,gems/GEM_DARK.png
gems/9e1f50fa-fa37-4c9c-928d-d05857d09462.png,gems/GEM_SPECIAL_LINE_H.png
gems/93d8ffed-0da8-4610-aea0-180044ccae96.png,gems/GEM_SPECIAL_LINE_V.png
gems/fe0ac70b-44a7-48b9-b838-8b74a0ee38f6.png,gems/GEM_SPECIAL_BOMB.png
gems/b4d7a548-b9f3-494e-9c0c-32d0838ac0e1.png,gems/GEM_SPECIAL_PRISM.png
gems/93bffd9a-cc26-40e5-ae2b-d867e8892705.png,gems/GEM_HAZARD_FROZEN.png
gems/14e7b52c-e524-470e-9901-e90aebe12143.png,gems/GEM_HAZARD_ROOT.png
gems/f875c185-0fbd-4218-9b48-5aef8fd339c7.png,gems/GEM_HAZARD_LOCKED.png
gems/06db839b-ed7e-4d9c-bd78-48940a621f02.png,gems/GEM_HAZARD_VOID.png
,gems/GEM_HAZARD_BURNING.png
gems/backgrounds/verdant/89de7d13-884a-4c5a-871a-02b04629df77.png,backgrounds/verdant/BG_W01_VILLAGE.png
gems/backgrounds/verdant/502aa71f-5b28-417f-825d-94df0e32f8a2.png,backgrounds/verdant/BG_W01_WHISPERING_FOREST.png
gems/backgrounds/verdant/5499be1e-34fe-42af-9005-76e81a043157.png,backgrounds/verdant/BG_W01_WOOD_TEMPLE.png
frames/verdant/2bc1706d-2f32-469b-ab1b-05d97fd908c1.png,frames/verdant/FRAME_W01_BOARD.png
